"Note","Description"
"4,0","une bonne suite pour les aventures de sonic au cinÃ©ma deja le premier film Ã©tait super bienun bon divertissement pour toute la famille avec un jim carrey en pleine formeune suite explosive trop cool"
"5,0","Cette suite de sonic est incroyable !Le fan que je suis est ravi, en 1992 quand j y jouais sur megadrive on m aurait montrÃ© ce film je serais devenu dingue !L univers du jeu est parfaitement respectÃ©, avec amour et passion 
spoiler: 
 Tails et son avion, knuckle, robotnik et ses robot guÃªpes, sonic au fond de l eau qui absorbe des bulles d oxygene, les Ã©meraudes, les clins d Å“il Ã  droite Ã  gauche qui rendent hommage au jeu, et bon sang la transformation en SUPER SONIC !!!!! Juste magnifique 
 l'histoire est toujours aussi sympathique avec Sonic et sa petite famille adoptive, et Jim Carrey est incroyable en Eggman...Ce film est une merveille vivement la suite"
"3,0","MalgrÃ© deux nouveaux personnages de l'univers du jeu vidÃ©o ""SONIC"" (Knuckles et Tails), nous sommes assez loin de la catchline de l'affiche ""2 fois plus de fun"".On tend plutÃ´t vers ""2 fois moins d'Ã©tonnement"" si l'on se rÃ©fÃ¨re au premier opus sorti en 2020, qui avait le double mÃ©rite de la nouveautÃ© et de l'effet de surprise.C'est malheureusement le risque avec les ""suites"", il faut savoir conforter les fans dans une zone connue et apprÃ©ciÃ©e, mais rÃ©ussir Ã©galement Ã  relancer l'intÃ©rÃªt en osant quelques nouvelles recettes...Ce Sonic version 2 distrait et amuse dans un rythme souvent soutenu, c'est certain, mais n'arrive pas vraiment Ã  insuffler quelque chose de totalement novateur en comparaison de son prÃ©dÃ©cesseur.Jim Carrey est par contre toujours aussi piquÃ© et succulent !!Assez plaisant, mais finalement un lÃ©ger ton au-dessous du numÃ©ro 1.Site CINEMADOURG.free.fr"
"4,0","Super film de ouf, le fait que Knuckles soit du cÃ´tÃ© d'Eggman au dÃ©but, les rÃ©fÃ©rences aux jeux de base et la fidÃ©litÃ© aux jeux de base c'est vraiment un truc que j'ai vachement apprÃ©ciÃ© dans tout le film, l'inclusion de Tails, Knuckles, la Master Emerald
spoiler: 
, les Chaos Emeralds et mÃªme SUPER SONIC
 c'est vraiment trÃ¨s fun Ã  regarder en tant que fan de Sonic surtout les scÃ¨nes oÃ¹ Sonic court vite (Ã§a semble bÃªte Ã  dire comme Ã§a mais 
spoiler: 
par exemple la scÃ¨ne oÃ¹ Sonic court sur l'eau et esquive les vagues
 c'est vraiment cool), 
spoiler: 
la scÃ¨ne de course poursuite entre Knuckles et Sonic & Tails, dans le temple de la Master Emerald, et surtout le combat final
 bref y'a plein de trucs trÃ¨s stylÃ©s dans ce film, la CGI marche super bien, la VF est bien notamment Sonic Tails et Knuckles qui ont des super voix, mÃªme Sonic n'en dÃ©plaise Ã  tous les haters de Malik Bentalha bref c'est un film trÃ¨s sympa mÃªme si 
spoiler: 
y'a des scÃ¨nes avec les humains franchement pas super utiles mais qui sont plus fun que dans le premier
 donc Ã§a va tranquille. 
spoiler: 
Puis la scÃ¨ne post-crÃ©dit qui annonce un 3 avec SHADOW Ã§a me hype bien"
"4,0","TrÃ¨s bon film ont retrouve ce qui fait lâ€™esprit de Sonic dans ce film clairement un cran en bas du premier je trouve mais reste un trÃ¨s bon film dâ€™aventure dâ€™action familiale pour toutes la famille foncÃ© le voir vous ne sâ€™aurait pas dÃ©Ã§u ğŸ˜‰ğŸ˜Š"
"2,5","Bon alors je trouve que la transposition de l'univers Sonic dans le monde rÃ©el est assez rÃ©ussie, les personnages sont attachants et l'Ã©criture est plutÃ´t correcte. Les personnages rigolos se succÃ¨dent et Jim Carrey est succulent en Robotnik complÃ¨tement barge. Bon par contre c'est vrai que passÃ© 12 ans on risque de s'ennuyer tant le scÃ©nario est plat, les quarantenaires en quÃªte de rÃ©fÃ©rences s'approchant du matÃ©riau orignal seront aussi un peu dÃ©Ã§us par le manque de substance. Disons que Ã§a aurait pu Ãªtre pire."
"4,0","Grand fan de Sonic, j'ai fait quelques kilomÃ¨tres pour trouver une sÃ©ance en VOSTFR (Ã  recommander). Sonic 2 est la digne suite du premier, avec tout en plus : vannes, scÃ¨nes d'action, Sonic qui court vite. Knuckles prend toute sa place, le robotnik de Jim Carrey est encore plus fou, Tails est.. oubliable mais mignon ? MÃªme les personnages humains ont quelques bonnes scÃ¨nes bien marrantes. N'oubliez pas de rester pour la scÃ¨ne post-gen qui vaut le dÃ©tour... Trop hÃ¢te de voir la suite !"
"4,0","Super Ã  voir en famille, parent enfants, aucun des deux ne vont s'ennuyer, bien rythmÃ© avec des scÃ¨nes que j'ai trouvÃ© amusantes.(Jim Carrey toujours aussi exceptionnel dans ce personnage)."
"5,0","Franchement la presse abuse sur la note j'ai eu des frissons du dÃ©but jusqu'Ã  la fin aucun dÃ©crochage du film qu'elle chef d'oeuvre et en plus rester bien jusqu'Ã  la fin du film vous aurez une sacrÃ© suprise aprÃ¨s le generique et les personnages Ã©galement bien mis en avant l'histoire vraiment bien et trÃ¨s toucher mon coup de cÅ“ur"
"1,0","Jamais drÃ´le, ni surprenant, mÃªme souvent gÃªnant, Sonic 2 est un ramassis de mauvaise idÃ©e qui ne convaincra personne, encore moins par son esthÃ©tique et son scÃ©nario, aussi vide qu'une huÃ®tre dÃ©jÃ  mangÃ© et tellement bÃªte qu'on pourrait te faire croire que les Mammouths existe encore. Bref, je le conseille vraiment pas."
"1,5","""Sonic 2"" est une suite paresseuse et opportuniste qui ne conserve que les dÃ©fauts de son prÃ©dÃ©cesseur. C'est souvent trÃ¨s laid, assez stupide et sans grand intÃ©rÃªt...https://www.cineserie.com/critiques/cine/sonic-2-une-suite-opportuniste-5008542/https://www.cineserie.com/news/cinema/sonic-2-focus-sur-la-scene-post-generique-5014261/https://www.cineserie.com/news/cinema/sonic-2-idris-elba-a-improvise-une-partie-des-dialogues-de-knuckles-5030788/"
"0,5","Sonic se rÃªve en justicier, faÃ§on super-hÃ©ros, sauvant la veuve et lâ€™orphelin dans la petite ville de Green Hills. Sauf que le Dr Robotnik est de retour, bien dÃ©cidÃ© Ã  Ã©liminer une bonne fois pour toute le hÃ©risson anthropomorpheâ€¦Qui aurait cru que la premiÃ¨re adaptation, Sonic (2020), rencontrerait autant de succÃ¨s (rapportant plus de 3 fois sa mise de dÃ©part). Alors quâ€™un incroyable badbuzz avait prÃ©cÃ©dÃ© la sortie mondiale du film. Câ€™est donc sans rÃ©elle surprise que Paramount a donnÃ© son feu vert pour lancer cette suite purement mercantile & opportuniste, qui sâ€™adresse essentiellement aux enfants et aux fans de la premiÃ¨re heure.Histoire de rajouter un peu de consistance au script (et parce que la guÃ©guerre entre Sonic & Robotnik, Ã  un moment donnÃ©, Ã§a devient redondant), deux nouveaux personnages viennent se rajouter au rÃ©cit, Ã  savoir Knuckles (lâ€™Ã©chidnÃ© Ã  dreadlocks) et Tails (le renard Ã  deux queues).TrÃ¨s clairement, le film est orientÃ© vers la tranche dâ€™Ã¢ge 6-12ans, Ã  en voir lâ€™humour et les gags bas du front (il y est souvent question de flatulence, sans oublier Tails avec son (je cite) ""fessier-copter""). Les personnages secondaires (James Marsden en tÃªte) servent quant Ã  eux Ã  meubler les sous-intrigues toutes plus futiles les unes que les autres (visiblement, Jeff Fowler ne sait pas trop quoi faire dâ€™eux et tente tant bien que mal de leur trouver une consistance).Sonic 2 (2022) est lâ€™exemple mÃªme du produit calibrÃ© pour son auditoire (les gamins), on se retrouve devant une adaptation assez insipide et fade, qui se contente de ne faire que du remplissage pendant deux longues heures (Sonic seul dans la maison quâ€™il transforme en ProjetX, Sonic en SibÃ©rie dans une battle de danse, â€¦). Bref, on a largement de quoi se faire chier, dâ€™ailleurs, on se demande encore quel Ã©tait lâ€™intÃ©rÃªt de faire autant de rÃ©fÃ©rences Ã  la pop culture (qui nâ€™apportent strictement rien au film), pÃªle-mÃªle on y retrouve Batman, Uber, Professor X, Le Soldat de l'hiver et mÃªme le Monopoly.Alors que le premier opus sortait en salles en fÃ©vrier 2020, moins dâ€™un an plus tard, le tournage du second volet dÃ©marrait. RÃ©alisÃ© dans la prÃ©cipitation et avec une post-prod de moins de 6 mois, il nâ€™est pas surprenant de se retrouver avec des CGI aussi dÃ©primants (les textures sont toutes plus foirÃ©es les unes que les autres et Ã  de trop nombreuses reprises les interactions entre les acteurs et les personnages en CGI ne collent pas).Lâ€™ennui, câ€™est que lâ€™on nâ€™est pas prÃ¨s dâ€™en finir avec Sonic, puisquâ€™un 3Ã¨me opus est dÃ©jÃ  annoncÃ© 
spoiler: 
(comme en atteste la scÃ¨ne post-gÃ©nÃ©rique avec lâ€™apparition de Shadow).
â— http://bit.ly/CinephileNostalGeek â— http://twitter.com/B_Renger â—"
"1,5","Une suite uniquement tournÃ©e vers les plus jeunes avec ses gags de cour de rÃ©crÃ© et son histoire gorgÃ©e de bons sentiments niais, dans laquelle Jim Carrey semble venir uniquement rÃ©cupÃ©rer son dernier chÃ¨que (il souhaite vraiment arrÃªter sa carriÃ¨re sur ce rÃ´le ? Ce mastodonte du cinÃ©ma mÃ©rite mille fois mieux...). Aussi, si vous voulez vous offrir deux heures de roupillon salvateur tandis que les marmots rigolent, Sonic 2 est idÃ©al, Ã  la limite d'Ãªtre remboursÃ© par la SÃ©cu. Et si vous y allez sans marmot, vous pouvez dÃ©jÃ  vous prÃ©parer Ã  voir une intrigue de mariage longue et ridicule digne d'une sÃ©rie B amÃ©ricaine, deux nouveaux personnages (Tails et Knuckles) doublÃ©s avec des voix encore plus irritantes que celle de Malik Bentalha (on ne pensait pas cela possible, ils nous ont prouvÃ© l'inverse), un Jim Carrey assez dispensable (il passe nettement aprÃ¨s le trio Sonic / Tails / Knucles, sauf dans un final qui se rappelle qu'il existe et l'exploite vingt minutes), une durÃ©e infernale (2h05...qu'on a vraiment senties passer), et Ã©videmment le niveau des gags qui ne vous est pas destinÃ© (assez consternant si on n'a plus 5 ans). Ceci dit, les effets spÃ©ciaux ne sont pas vilains (les animations des crÃ©atures numÃ©riques sont bien faites, si seulement les figurants pouvaient se donner la peine de regarder au bon endroit...), la morale bienpensante dÃ©goulinant de bons sentiments ne fait pas de mal aux enfants, et ces derniers passent gÃ©nÃ©ralement un bon moment (ceux de la salle Ã©taient trÃ¨s rÃ©ceptifs, les parents beaucoup moins). On a passÃ© un moment long, trÃ¨s long, se sentant vraiment oubliÃ© par le niveau des vannes (aucune pour les plus de 8 ans), agacÃ© par les doublages irritants, et dÃ©solÃ© pour le fameux Jim qui est ici une marionnette tristement dispensable. MÃªme le magnifique travail de doublage d'Emmanuel Curtil, Ã  saluer encore, ne rÃ©ussit pas Ã  sauver son modÃ¨le, dÃ©lirant dans l'opus prÃ©cÃ©dent, transparent dans celui-ci. A rÃ©server aux tout-petits."
"1,0","Sâ€™il conserve la bÃªtise et la laideur de son aÃ®nÃ©, Sonic 2 a le mÃ©rite dâ€™offrir Ã  Jim Carrey un espace de jeu plus important : nous le voyons cabotiner, sauter partout et tomber, Ã©voluer au sein dâ€™une forÃªt de champignons gÃ©ants ou critiquer le goÃ»t diluÃ© dâ€™un cafÃ© Ã  son image. Lâ€™acteur, conscient de la mÃ©diocritÃ© du projet, sâ€™amuse comme un enfant profite de lâ€™absence dâ€™autoritÃ© pour faire nâ€™importe quoi ; il commence dâ€™ailleurs par parodier Tom Hanks dans Cast Away (2000) avec un meilleur ami imaginaire plaquÃ© sur un rocher. Pour autant, il ne recouvre guÃ¨re la dÃ©mesure dâ€™un Ace Ventura, tÃ©moigne au contraire de la galvanisation hollywoodienne de son personnage dÃ©gradÃ© en pseudo label qualitÃ© dâ€™un vulgaire produit de consommation vendu Ã  un public familial peu regardant. Le reste est en tout point similaire au dÃ©sastre prÃ©cÃ©dent : omniprÃ©sence de ce second degrÃ© stÃ©rile qui paralyse tant de blockbusters contemporains, laideur des images numÃ©riques, absence de mise en scÃ¨ne. Car il y avait certainement davantage de cinÃ©ma dans le jeu vidÃ©o que dans ces piteuses adaptations."
"3,0","----------------------------POST-GENERIQUE----------------------------Plus ambitieux que le premier sur nombreux Ã©lÃ©ments, mais d'un autre cÃ´tÃ©... Le premier Ã©tait pour un public enfant (bÃ©ta) ET les adultes: il y a des ester eggs, une seconde lecture (bien que lÃ©gÃ¨re) etc...Mais lÃ  c'est avant tout plaire aux jeunes enfants... et si Ã§a plait aux adultes c'est bonus.Salle comble (d'enfants), les quelques Ã©lÃ©ments du premier oÃ¹ on se retrouve enfoncÃ© dans le siÃ¨ge avec un Sonic insupportable sont poussÃ©s au paroxysme; des vans dignes dâ€™un autre siÃ¨cle ne fonctionnant pas (ou faisant au mieux sourire gras), un Sonic prÃ©ado en roue libre, un Robotnik alias Jim Carrey en roue libre: tout est caricatural; Les gadgets de Tails sont des cochonneries en plastique directement sortis des magasins de produits dÃ©rivÃ©s du film, avec, Ã  cÃ´tÃ©, un lot de sucettes (robots, Ã©meraudes, nouveaux personnages, refs Ã  diffÃ©rents jeux, etcâ€¦) mais nâ€™ayant jamais le bon emballage! (la sÃ©quence Ã  Seattle se terminant avec de lâ€™eau sortant des Ã©gouts et un Sonic regardant le spectacle sous la pleine Lune Ã  lâ€™instar du dÃ©but de â€˜Sonic Adventureâ€™, avec le mot â€˜Chaosâ€™ apparaissant mÃªme dans le titre du journal du lendemain, mais sans que Chaos nâ€™apparaisse jamais (ni Tikal)), tous les appareils de Robotnik, bien quâ€™ayant souvent des traits fidÃ¨les: dâ€™un blanc immaculÃ©, Robotnik lui-mÃªme: enfin dans sa veste rouge: mais pas celle que lâ€™on connait, le biplan de Tails est rouge au lieu dâ€™Ãªtre jaune, Tails, qui, au-delÃ  de sa voix â€˜particuliÃ¨reâ€™ dans la VF, nâ€™est pas du tout dÃ©veloppÃ©; Lâ€™â€™Ã©meraude mÃ¨reâ€™, parce quâ€™il faut que les personnages puissent la prendre dans leur main: a une taille semblable aux 7 Ã©meraudes, 7 Ã©meraudes qui quant-Ã  elles se retrouvent Ã  Ãªtre minuscules (et pour le coup ridicules), des plans faisant penser Ã  ceux de Sonic Adventure (et sa forÃªt labyrinthique), mais lÃ  uniquement pour la dÃ©co, les yeux de Knuckle qui sâ€™illuminent on ne sait pas trop pourquoi, Â« lâ€™Ã®le Â», sortant de lâ€™eau, mais ne sâ€™envolant pas, et en parallÃ¨le: Knukles qui utilise ses points pour escalader, Tails qui vole en tenant Sonic par la main, Sonic utilisant sa forme sphÃ©rique pour se battre, dont la vitesse lui permet de se retrouver coller Ã  des parois, pleins de dÃ©tails propres aux jeux, montrÃ©s, mais au final au second plan (surf sur un dÃ©bris de robot), derriÃ¨re une nouvelle scÃ¨ne de danse nâ€™ayant rien Ã  faire lÃ  mais beaucoup plus longue et beaucoup plus gÃªnante que dans le premier, un humour â€˜pÃ©ter-roterâ€™ plus poussÃ©, des Ã©lÃ©ments de dÃ©tail dans le premier qui arrivent au premier plan dans le 2 gagnant en infantilitÃ©, cassant lâ€™effort avec la facilitÃ©, le scÃ©nario tenant sur trois pages; Le film en parvient Ã  Ãªtre moins fidÃ¨le Ã  lâ€™univers de Sonic malgrÃ© quâ€™il en montre bien plus que son prÃ©dÃ©cesseur.Plus riche, mieux abouti, mais sortant du spectacle de trop nombreuses fois.Trop joyeux, malgrÃ© des passages plus grave (les scÃ¨nes de destruction du dernier acte sont plutÃ´t saisissantes): Sonic, blessÃ©, recouvert de boue, des blessures sur le front de sa famille humaine dans un lieu hautement dangereux et risquant la mort: mais Ã  lâ€™humeur jamais Ã©teinte.Une introduction du GUN que lâ€™on peut presque manquer."
"5,0","Suite plus que rÃ©ussi qui en plus a rÃ©ussi Ã  Ãªtre bien meilleur que le premier beaucoup de rÃ©fÃ©rence pour les personnes qui on fait les jeux par le passÃ©"
"3,5","Le premier opus Ã©tait suffisamment distrayant pour faire une suite et donc nous revoilÃ  parti pour une nouvelle aventure avec 2 nouveaux personnages Taills le renard et Knuckles le....rouge!!! On reprend Jim Carrey (toujours un plaisir de le revoir!) dans le rÃ´le du savant fou et l'on voit que mÃªme si cabotine un chouia trop par moment et bien il s'Ã©clate Ã  jouer ce rÃ´le. AprÃ¨s c'est un peu lÃ©ger niveau humour mais encore une fois distrayant pour passer un bon moment avec ces enfants. Cela rappel encore l'Ã©poque de la Mega Drive souvenir souvenir...les bruitages avec les anneaux ou quand passe en mode ""boule"" ou quand il prend une bulle d'air sous l'eau (combien de fois jsuis mort dans les niveaux marins!!!!!).Toujours embÃªter par la voix de Bentalha qui ne reprÃ©sente en rien ce personnage haut en couleur et plein d'Ã©nergie tout le contraire avec ce charisme d'un bulot sous anti dÃ©presseur...contrairement Ã  Knuckles avec la voix franÃ§aise de Idris Elba qui en impose. Mais passe un bon moment et post gÃ©nÃ©rique Ã  voir juste aprÃ¨s premiÃ¨re sÃ©rie de nom Ã  l'Ã©cran je prÃ©viens.^^ Mes garÃ§ons ont adorÃ© en tous cas!!!!NOTE : 6.75/10"
"4,0","Cette suite n'est pas dÃ©cevante du tout . Il y a l'action et l'humour qu'il faut , et les personnages ( TAILS et KNUCKLES ) , de l'univers de hÃ©risson , qui apporte le FUN ."
"4,0","Nous retrouvons un robotnik devenu fou mais toujours aussi, voir plus, ingÃ©nieux, beaucoup moins drÃ´le que dans le premier opus, son humour s'est vraisemblablement transformÃ© en puissance et folie mais personnage trÃ¨s inspirant contrairement Ã  Sonic qui semble ne pas avoir Ã©voluÃ© et reste un enfant, cette fois accompagnÃ© de 2 personnages de son univers, Ã  voir !"
"3,0","Un film trÃ¨s gamin faut lâ€™avouer. Jâ€™ai pas passÃ© une horrible sÃ©ance mais juste câ€™est enfantin quoiâ€¦LÃ  oÃ¹ le premier câ€™Ã©tait limite, se second opus en fait dÃ¨s caisseâ€¦.Bref6/10PubliÃ© le 01 avril 2022"
"2,0","Une suite aussi laborieuse que le 1er film , mÃªme si on notera quelques rÃ©fÃ©rences sympathique avec le jeux vidÃ©o ( dÃ©cors qui ressemble Ã  certains niveaux , les personnages de tails et knuckles etc...) le film enchaÃ®ne mauvaises blagues sur mauvaises blagues et certaines scÃ¨nes ne sert Ã  rien au film,( l'intrigue du mariage a HawaÃ¯ etc ... ) bref un film soi disant pour les enfants ... pauvres gamins !!!!"
"2,5","2 ans pile aprÃ¨s la derniÃ¨re affiche que j'ai vu avant le Covid, le hÃ©risson bleu revient dans une nouvelle aventure quelque peu, on ne pas se le cacher, facile Ã  suivre voir mÃªme, trop simpliste avec bien des moments moyennement utiles. Un second volet ou je n'peux trÃ¨s clairement pas acclamer la qualitÃ© visuelle tant cette derniÃ¨re ne fait, ni honneur au studio produisant et distribuant le film, ni au genre du film. Une qualitÃ© approximative qui me dÃ©Ã§ois clairement et montre pour la Paramount, une baisse qualitative, cela Ã©tant bien dommage quand au nombre bien maigre de films sortis en salle sous le label montagneux. Sur le plan sonore par contre rien Ã  dire les oreilles en auront largement pris pour leur grade. Sur les jeux respectif, je maintiens mon ""dÃ©goÃ»t"" de voir le roi comique amÃ©ricain Jim Carrey sous les traits de Robotnik puisque ce dernier caricature, abuse et surdose les grimaces, humour ""guignolesque"" et gestuelles en tous d'un personnage, bien plus ""enrober"" de base et nettement plus sÃ©rieux et crÃ©dible dans la sÃ©rie animÃ©e. Puis le script de nos hÃ©ros animÃ©s qui, personnellement, est d'une autre Ã©poque, trop simplet voir mÃªme, trop gentillet, trop de politesse pour un film qui mÃ©riterait un peu plus de familiaritÃ© verbale sans non plus aller se risquer d'aller dans la vulgaritÃ©. Un nouvel ennemi finalement alliÃ© qui lui aussi, hÃ©rite d'un script aussi simplet que trop banal (incohÃ©rence par rapport au programme animÃ©), puis des personnages secondaires, humains cette fois-ci, en roue assez libre, seul Tika Sumpter parvient Ã  rendre son jeu plus ""adulte"". Enfin, le final nous offre nombre de plans hÃ©roÃ¯ques, ressemblance Ã  l'univers Marvel / DC savoureuses avec quelques clins d'Å“il notables, et l'affrontement ultime trÃ¨s Ã©pique. Un NÂ°2 Ã  demi teinte qui me laisse perplexe sur l'Ã©vident 3Ã¨me volet dont la scÃ¨ne post-gÃ©nÃ©rique nous en fait l'annonce avec une Ã©niÃ¨me nouvelle ennemi en devenir, mais Ã  force d'obtenir un parler trop simplet, un visuel aux limites du dÃ©cevant et une dose presque insupportable de fioritures verbale, me rendre en salle pour la 3Ã¨me affiche reste Ã  Ãªtre questionner. Pour cela, des changements radicaux, il faut entreprendre."
"1,5","Comment peut on aimÃ© ce film, passÃ© l'Ã¢ge de 12,13 ans ?Blague niveau cours de rÃ©crÃ©, les personnages sont tous plus Ã©nervant les uns que les autres (mention spÃ©ciale pour la soeur dans la scÃ¨ne du mariage, qui est l'un de mes plus grand moment de gÃªne au cinÃ©ma) c'est tellement mal jouÃ© !!! Quel dommage de voir Jim Carrey dans cette bouillie de cinÃ©ma. Le scÃ©nario est dÃ©bile et fainÃ©ant. Nos enfants ne mÃ©rite pas de s'abrutir devant ce film. Seul petit point positif certain effets spÃ©ciaux sont plutÃ´t sympa, pas tous car souvent ils sont vraiment moche."
"5,0","c est un chef d oeuvre dÃ©ja le 1 Ã©tait excellent mais dans le deux on se rent compte du pouvoir du mÃ©cant l homme a la moustache et de l amitiÃ© de la gentiellesse et de se rendre compte qu aider les autre est important."
"4,5","En tant que grand fan de Sonic, j'aurais jamais cru voir un jour un film comme Ã§a au cinÃ©ma : C'Ã‰TAIT INCROYABLE !Ce film est une vraie rÃ©ussite pour moi, il y a exactement tout ce que j'attendais d'un film Sonic, c'est une vÃ©ritable lettre d'amour au fans de la licence !DÃ©jÃ  que j'avais bien aimÃ© le 1er film mais alors ce 2e film le surpasse largement Ã  tous les niveaux, il le surpasse tellement qu'on aurait limite l'impression que le 1er film n'Ã©tait qu'un ""prototype"" en comparaison !En terme d'histoire et d'adaptation des jeux, si le 1er film s'inspirait de ""Sonic 1"", alors ce 2e film s'inspire Ã  la fois de ""Sonic 2"" et ""Sonic 3 & Knukles"" !Le scÃ©nario est non seulement bien meilleur que le 1er film mais aussi beaucoup plus ambitieux, le lore de Sonic est encore plus exploitÃ© (Tails, Knukles, le peuple EchidnÃ©, les Chaos Emerauld,...), avec mÃªme des lieux du film qui sont directement inspirÃ©s des environnements des jeux : comme par exemple les montagnes enneigÃ©es de SibÃ©rie qui font rÃ©fÃ©rence Ã  ""Ice Cap Zone"", oÃ¹ mÃªme le temple perdu Ã  HawaÃ¯ qui fait rÃ©fÃ©rence Ã  ""Labyrinth Zone"" et ""Hidden Palace"" !On Ã  2 fois plus d'actions, 2 fois plus d'aventures, 2 fois plus de fun et 2 fois plus de rÃ©fÃ©rences et de clins d'Å“il Ã  la licence, avec aussi des rÃ©fÃ©rences Ã  Sonic Adventure 1, Sonic Adventure 2, Sonic Heroes et mÃªme Ã  l'animÃ© Sonic X !Les personnages sont tous trÃ¨s bons aussi : Sonic reste le hÃ©ros fidÃ¨le Ã  lui mÃªme qu'on connait, Tom & Maddie sont toujours aussi sympas, Jim Carrey en Robotnik est encore plus excellent que dans le 1er film et Tails & Knukles sont super cools, bien introduit et totalement fidÃ¨les Ã  leurs versions dans les jeux !Et surtout le climax du film qui est absolument gÃ©nial : le trio Sonic/Tails/Knukles = INCROYABLE, le fait d'avoir la ""Team Sonic"" de ""Sonic Heroes"" en action dans le film Ã©tait tellement jouissif, 
spoiler: 
et l'apparition de Super Sonic qui Ã©tait juste Ã©norme en plus d'Ãªtre totalement inattendu (en tout cas perso je ne l'avais pas vu venir, et quand je l'ai vu c'Ã©tait magnifique)
 !Le seul vrai dÃ©faut du film pour moi c'est la VF, j'ai toujours du mal avec Malik Bentalha !Autant dans le film prÃ©cÃ©dent je l'avais Ã  peu prÃ¨s tolÃ©rÃ© justement parce qu'il Ã©tait tout seul au doublage mais alors la c'est encore pire, parce que non seulement sa voix ne colle pas du tout avec Sonic mais en plus quand on le met Ã  cÃ´tÃ© des voix franÃ§aise de Tails et de Knukles (qui elles pour le coup sont excellentes), on sent qu'il y a un vrai dÃ©calage entre les 3 et Ã§a fait tache, c'est trop dommage !Ensuite on a la scÃ¨ne post-credit 
spoiler: 
qui nous tease l'arrivÃ©e de Shadow dans le 3e film, et lÃ  je suis partagÃ© : d'un cÃ´tÃ© je suis content et hypÃ© mais en mÃªme temps Ã§a me fait quand mÃªme un peu peur, personnellement je trouve que c'est encore trop tÃ´t pour nous introduire Shadow directement maintenant, Ã  voir par la suite
 !Sinon voilÃ  : ce film est excellent, je l'ai adorÃ© et je suis trÃ¨s hypÃ© pour le 3 !En plus Paramount a confirmÃ© qu'ils travaillent maintenant sur un ""Sonic Cinematic Universe"", c'est trop gÃ©nial, je suis trop content et j'ai hÃ¢te de voir ce que Ã§a va donner, Ã§a va Ãªtre INCROYABLE !"
"4,0","Sonic 2 est un film honorable avec un peu de fan services de l'action et un Jim Carrey au meilleur de sa forme.J'ai trouvÃ© que ce sequel Ã©tait plus sÃ©rieux que le premier et Ã©galement bient plus surprenant que le premier, celon moi ce film est une adaptation de qualitÃ© pour le hÃ©rison de Sega qui arrive enfin Ã  faire bonne impresion grÃ¢ce au cinÃ©ma. Pour finir j'ai passer un agrÃ©able moment Ã  regarder ce film et je le recommande absolument pour les fans du hÃ©rison bleu."
"4,0","IdÃ©al pour un aprem en famille ! On reste dans la veine du 1er opus ou on arrive en quelques sortes a sa suite direct et le retour du gros mÃ©chant Dr Robotnik... Comme dans l histoire prÃ©cÃ©dente, on connaÃ®t vaguement la finalitÃ©... Mais pour cela, Sonic tient les rennes avec Knucles qui rappellera de nombreux souvenirs sans doute aussi aux parents qui ont pu le connaÃ®tre lorsqu'il Ã©tait prÃ©sent dans le jeu vidÃ©o... Un visuel clair, une trame posÃ© assez vite ; mais ne manquant pas de nous emmener avec pour le reste des aventures que Sonic et son ami vont devoir faire face pour la survie de la planÃ¨te. Bref, cette suite se veut simple, dans le sens du premier opus (lÃ  oÃ¹ le rÃ©al aurait pu tenter d innover ou exploiter de nouvelles choses mais cela aurait Ã©tÃ© un pari plus risquÃ©). Et nous offre un film ni trop court ni trop long ou l'on ressort ayant passÃ© un bon petit moment."
"4,0","Une agrÃ©able suite des aventures de Sonic !! C'est divertissant et fun avec l'arrivÃ©e de nouveaux persos !! Le casting original est de retour et Jim Carrey est toujours aussi dingo !! C'est rythmÃ©s et le film est parsemÃ© de petits clins d'oeil aux jeux vidÃ©os !! Les effets spÃ©ciaux sont de qualitÃ© !! Le trio Sonic Tails Knucklles sont parfaits !!"
"3,0","TrÃ¨s bien pour les enfants, dans la lignÃ©e du 1er. Jim Carrey dans un rÃ´le sur mesure. De bonnes valeurs au niveau du scÃ©nario mais hÃ©las encore quelques placements de produits, ce qui est toujours un peu dÃ©rangeant dans un film pour jeune public."
"5,0","Ce deuxiÃ¨me volet est une totale rÃ©ussite. Le scÃ©nario est rÃ©ussi, le film est bien rythmÃ© et bien mis en scÃ¨ne, c'est drÃ´le, et les effets spÃ©ciaux sont top ! On a beaucoup de rÃ©fÃ©rences aux jeux vidÃ©o de Sonic, pour les connaisseurs. Il y a quelques petites diffÃ©rences par rapport aux jeux vidÃ©o, par exemple le fait que la tÃ¢che de Knuckles est de garder et de protÃ©ger la Master Emerald, et non de partir Ã  sa recherche pour son pouvoir. Mais on comprend ces changements dans le but de nous pondre un bon scÃ©nario. Et sinon, Jim Carrey est toujours excellent dans son rÃ´le de Dr Robotnik. Bref, on a lÃ  un super divertissement, et en tant que fan de Sonic, j'ai Ã©tÃ© ravi !"
"3,0","Jim Carrey de retour dans Sonic 2.et je dois dire que c'est lui qui vole la notoriÃ©tÃ© de Sonic et des autres. il excelle dans son rÃ´le.. un rÃ´le diamantÃ© pour lui et son personnage. maintenant le film en lui mÃªme n'est pas mauvais , l'intrigue. le scÃ©nario la mise en forme sont plutÃ´t bien faits. ceci dit beaucoups de.mea culpa scÃ©narial sont inutiles comme la trÃ¨s longue'partie 1 et ses dÃ©rives... quand vient la partie 2 je me sens dans mon jeu vidÃ©o. sa me plaÃ®t et lÃ  je suis content. la lumiÃ¨re, le cadrage les plans d'actions et drÃ´les... Robotnik qui s'Ã©lÃ¨ve les babines.. bien.. il a fallu attendre 1heure pour voir tout sa.. ok. mais la fin est trÃ¨s rapide.. beaucoups trop rapide a la Sonic... alors que des scÃ¨nes inutiles..elles.. sont longues et ennuyeuses.. ils auraient pu se focaliser sur la fin.. dommage. un film Ã  voir. surtout pour le dieu Jim Carrey"
"5,0","Franchement, un excellent film, je l'ai trouvÃ© beaucoup que Sonic 1 qui Ã©tait dÃ©jÃ  un trÃ¨s bon film !!! Les acteurs sont excellents, les gags s'enchaÃ®nent, les scÃ¨nes d'actions et de combats sont trÃ¨s bien rÃ©alisÃ©, les dÃ©cors sont magnifiques, les effets spÃ©ciaux sont incroyables et la musique est superbe. Le film est extrÃªmement bien rythmÃ©e, pas le temps de s'ennuyer une seule seconde. Aucune longueur, aucun temps morts. Une superbe suite. Le scÃ©nario et les dialogues sont trÃ¨s bien Ã©crits. J'aime encore plus le doublage de Malik Bentalha dans ce second opus que dans le premier. Bref, un trÃ¨s bon film, une trÃ¨s bonne suite que je vous conseillerais d'aller voir !!! Il vaut trop le coup. Attention, restez jusqu'au milieu du gÃ©nÃ©rique, il y a une scÃ¨ne mid-gÃ©nÃ©rique qui annonce du lourd pour la suite !!! Vivement la sortie de Sonic 3"
"4,0","Un trÃ¨s bon film. Un trÃ¨s deuxiÃ¨me volet des aventures de Sonic face au docteur Robotnik et Knuckles aidÃ© par Tails dans la ville de Seattle."
"3,0","sonic 2 est un film pour gosse. voilÃ  le gros problÃ¨me du film, le 1 avait de l'idÃ©e et nous fesait un sympathique buddy movir, la c'est un film mal fini avec ses effet spÃ©ciaux et en bonne partie mal Ã©crit, sa met des couleur flashi pour la gamin et des rÃ©fÃ©rences pour les fan. espÃ©rons que le 3 sera meilleur car la meilleur scÃ¨ne du film c'est le post-gÃ©nÃ©rique"
"3,5","Le film Ã©tait vraiment pas mal ! Action, humour, Jim Carrey en plein dÃ©lire, robot et personnages nouveaux, vraiment une bon moment !"
"1,0","Sonic 2, le film est la suite directe de Sonic, le film. Il est Ã  nouveau rÃ©alisÃ© par Jeff Fowler. Ce film est le mÃªme que le 1er avec une demi-heure en plus et plus de moyens : mÃªmes enjeux inintÃ©ressants, mÃªmes acteurs plats avec des rÃ´les mal Ã©crits, mÃªme Jim Carrey qui cabotine, mÃªmes effets spÃ©ciaux qui dÃ©gueulent de partout. Pour rÃ©sumÃ© : c'est le mÃªme film que le 1er, donc il mÃ©rite la mÃªme note. AdaptÃ© pour les enfants de 8 ans, les autres passez votre chemin."
"2,0","Dans son ensemble, le film est plutÃ´t ""meh"".Le film n'est pas mauvais dans son ensemble mais il y a beaucoup d'Ã©lÃ©ments qui gÃ¢chent un peu certaines scÃ¨nes et certaines actions. Tout d'abord, parlons de l'humour. JE SAIS que Sonic est Ã  la base un personnage ""comique"" qui prend beaucoup des situations Ã  la lÃ©gÃ¨re, mais dans ce film, mÃªme durant les moments de tensions, l'humour constant de Sonic par ses blagues et ses gestuels plombent un peu ces scÃ¨nes. Et il n'y a pas que Sonic. Je ne sais pas si c'est un dÃ©faut de la version franÃ§aise, mais les dialogues de Robotnik et Knuckles sont soit trop forcÃ©s pour le premier, soit tellement mou/1er degrÃ© pour le deuxiÃ¨me que la diffÃ©rence entre les dialogues et l'action me sort complÃ¨tement de l'immersion.Maintenant, parlons du plus gros problÃ¨me (a mes yeux) de ce film : les clichÃ©s. Durant tout le film, on a une sorte de leÃ§on de morale sur ""les super hÃ©ros font ceci, pas cela"", ""la famille et les amis ces important"" et blablabla... Encore, si Ã§a avait Ã©tÃ© subtile, j'aurais rien dit, mais durant TOUT le film on te martel ces leÃ§ons de moral tellement fort dans la tÃªte que Ã§a te donne des migraines.Et enfin, pour les personnages (et l'Ã©volution des personnages durant le film) : comparÃ© au premier film oÃ¹ Robotnik Ã©tait juste un gÃ©ni fou un peu narcissique et Ã©gocentrique sur les bords, deviens un vÃ©ritable maboule sous extasie et gaz hilarant durant tout le film lui aussi. Et Knuckles, (lÃ  encore je ne sais pas si c'est la faute Ã  la VF), bien qu'il ai eu une Ã©volution intÃ©ressante durant la premiÃ¨re moitiÃ© du film (mis Ã  par son 1er degrÃ© plutÃ´t lourd), une fois qu'il 
spoiler: 
devient amis amis avec Tails et Sonic
, se ramolli totalement question caractÃ¨re pour devenir une sorte de tsundere vers la fin du film. Et pour les autres persos, (la encore, faute Ã  la VF?), leurs dialogues sont tellement forcÃ©s et focus sur l'humour que tu ne sait plus si tu regarde un film ou une piÃ¨ce de thÃ©Ã¢tre comique.Et pour la scÃ¨ne post gÃ©nÃ©rique 
spoiler: 
avec l'introduction d'un nouveau perso
... AÃ¯e... si vous connaissez la licence de Sonic, vous savez de quoi je parle... je m'attend au pire pour le 3.Oh et la 3D et les VFX Ã©taient bizarres Ã  certains moments."
"2,0","Câ€™est pas terrible, je le trouve un petit peu mieux que le premier film, mais de pas Ã©normÃ©ment. Câ€™est-Ã -dire que ce deuxiÃ¨me opus est fidÃ¨le Ã  lâ€™univers instaurÃ© mais je nâ€™en suis pas friand.La rÃ©alisation est trÃ¨s classique, mais elle est satisfaisante, elle nâ€™est pas nulle mais elle nâ€™est pas exceptionnelle. Le metteur en scÃ¨ne sait rendre impressionnant le personnage de Knuckles, mÃªme si les effets spÃ©ciaux sont beaucoup trop cartoonesques ; que ce soit les protagonistes ou les explosions et autres.Sinon le scÃ©nario est trÃ¨s enfantin, il nâ€™y a rien de moins original que lâ€™histoire prÃ©sentÃ©e. Le retour du personnage de Jim Carrey est assez bien Ã©crit, mÃªme si je pense que son personnage manque de profondeur, le background de Knuckles ou de Tails sont bien dÃ©veloppÃ©s, et Sonic va dans la continuitÃ© du premier film. Les blagues sont parfois en trop, et parfois peuvent nous faire dÃ©crocher un sourire.Je conseille ce film, mais il ne faut pas sâ€™attendre Ã  un bon film, je le trouve dâ€™ailleurs un peu trop long, avec un rythme bancal : le film gagnerait en qualitÃ© si on retirait les sÃ©quences avec les humains, qui font un peu trop film Ã  sketchs."
"2,5","Suite au succÃ¨s aussi bien critique que commercial du premier opus en 2019, il Ã©tait Ã©vident qu' une suite Ã  Sonic allait Ãªtre rapidement mise en chantier. La fin ouverte du premier film ( avec notamment l' arrivÃ©e de Tails) appelÃ© Ã  une suite , et ce Sonic 2 est le prototype mÃªme de la suite qui n ' a rien Ã  racontÃ©e. ou presque Et bien souvent quand on Ã  pas grand chose de nouveau pour faire une suite , on double la mise sur tout ce qui Ã  fonctionner dans le premier opus tout en incluant des nouveaux personnages. . Bigger its better ? Eh bien pas forcÃ©ment .On double les scÃ¨nes d' actions les mÃ©chants , les dÃ©cors en posant l' action en SibÃ©rie ( enfin la SibÃ©rie en fond verts affreux, faudrait pas exploser le budget non plus) , a Hawaii ou encore dans un temple rappelant fortement Indiana Jones.On sent l ' intrigue prÃ©texte Ã  multipliÃ© les scÃ¨nes d' actions , les apparitions des bad guys , et l' humour qui fonctionne Ã©trangement beaucoup moins que dans le premier.LÃ  oÃ¹ dans Sonic l ' humour provenait principalement du petit hÃ©risson bleu et de Dr Robotnik eux mÃªme , ici l ' humour est trop dissiminÃ©s Ã  travers de personnages secondaires horripilants. Dans cette suite , plusieurs Ã©lÃ©ments et personnages du premier rempilent , Jeff Fowler derriÃ¨re la camÃ©ra revient Ã©galement , et on sent que l ' originalitÃ© du scÃ©nario n ' Ã©tait pas au centre des prÃ©occupations.Sonic 2 ne prend jamais le temps de poser les bases d ' une vÃ©ritable intrigue , ou de s 'encombrer de vÃ©ritables enjeux ( on ne sent jamais une vÃ©ritable menace pour Sonic et Tails , ni mÃªme pour les habitants de Green Hills)  Comme dis plus haut l' ambiance et les visuels sont allÃ©grement pompÃ©s sur des licences bien connues du grand public.On navigue entre l' ambiance trÃ¨s urbaine des productions DC en dÃ©but de film , tout en faisant plusieurs clins d' Å“il aux films d ' espionnage ( de nombreux gadgets et explosions sont au centre de l ' intrigue). Au final , Sonic 2 se rapproche de beaucoup de sagas rÃ©putÃ©es , sauf de Sonic. L ' esprit jeu vidÃ©o SEGA , pourtant bien mis en avant dans le premier , est ici relÃ©guÃ© au second plan , pour ressembler finalement au tout venant.Le fait que ce soit un film destinÃ©s aux enfants ne devrait pas Ãªtre un prÃ©texte pour que l ' Ã©criture soit aussi bÃ¢clÃ©e.Je n ' ai pas comptÃ© le nombre de facilitÃ©s de scÃ©nario ( la scÃ¨ne du bar en SibÃ©rie tellement facile et mal introduite Ã  l' histoire !) et de Deus Ex Machina qui permettent Ã  l ' histoire d' avancer sans problÃ¨mes et de sortir nos deux hÃ©ros de se sortir n' importes quels situations. C ' est ce qu' on appel de l' Ã©criture paresseuse, misant tout sur l' enchainement des pÃ©ripÃ©ties et sur le rythme au dÃ©triment de toutes vraisemblances ou logique. On se concentre donc ici , sur la recherche d ' un artefact hyper puissant ( une Ã©meraude verte) et qui permet d ' obtenir une puissance hors du commun et que nos deux hÃ©ros vont devoir rechercher Ã  travers le globe avant que Robotnik ne mette la main dessus. ( Ã§' est pas comme ci c ' Ã©tait l ' idÃ©e prÃ©texte de 80% des gros blockbusters , pour l ' originalitÃ© on repassera donc)Suite oblige , les mÃ©chants sont ici multipliÃ©s par deux. Pour mon plus grand bonheur, Jim Carrey ( en roue libre totale) revient en tant que Dr Robotnik, et Ã  toujours l ' air de s' amuser comme un fou dans son rÃ´le dans lequel il s ' investit totalement. Son nouvel alliÃ© dans ses mÃ©faits , Knucles, bien connus des afficionados de la licence , est Ã©galement au centre de cette suite, et un antagoniste plutÃ´t puissant que vont devoir affronter Sonic et Tails . Leurs designs Ã  tous les trois , ainsi que l ' animation des personnages en elle mÃªme proprement bluffante, est une des grande rÃ©ussite du mÃ©trage. Car oui , techniquement parlant ( globalement disons , passons sur des fonds verts encore trop visibles ,et des dÃ©cors de studios Ã©vidents) , cette suite marque des points. Et le soin apportÃ©s aux effets visuels sont Ã  apportÃ© au crÃ©dit des responsables des SFX ( blur Studios dÃ©jÃ  Ã  l ' oeuvre sur Avatar ou Man of Steel c est pour dire le niveau). Cette suite Ã  la volontÃ© d ' aller plus loin dans le dÃ©luge d ' effets spÃ©ciaux , d' action , tout en mettant la pÃ©dale double sur l' aspect film d ' aventure.  Bien sur tout n ' est pas Ã  jeter dans cette suite , car malgrÃ¨s ces nombreux dÃ©fauts inhÃ©rents aux suites faciles , Sonic 2 divertit tout du long et il est vrai qu' on ne sent pas le temps passÃ©. Les pÃ©ripÃ©ties s ' enchainent rapidement ce qui ne donne pas le temps de s' ennuyer et mÃªme quelques sÃ©quences amÃ¨nent un parfait Ã©quilibre entre l ' action et l ' humour bien dosÃ©s. ( mention honorable Ã  la scÃ¨ne du mariage du perso de Natasha Rothwell , hilarante et qui vole la vedette Ã  chacunes de ses apparitions). Plus Ã©tonnant encore , le rythme frÃ©nÃ©tique ralentit parfois pour faire place Ã  des sÃ©quences d' Ã©motions ( par le biais du retour du personnage de LongLaw , mentor de Sonic) plutÃ´t bienvenue et qui donnent aux personnages un peu d ' Ã©paisseur. L' importance de l ' amitiÃ© ( Ã  travers les personnages de Tails et de James Mardsen ) et la nÃ©cessitÃ© de crÃ©er des liens forts pour affronter les Ã©preuves alimentent rÃ©guliÃ¨rement l ' intrigue , ce sont des thÃ¨mes universels et qui parlent Ã  tout le monde.Evidemment comme c ' est souvent le cas dans ce type de projets commerciaux, on termine sur un happy ending trÃ¨s hollywoodien et on nous laisse sur une fin volontairement ouverte sur une suite en cas de succÃ¨s de ce second opus en teasant la venu d' un nouvel antagoniste iconique.Exemple le plus typique donc , de la suite qui n ' a pas grand chose Ã  raconter mais qui existe seulement pour Ãªtre le penchant plus gros et plus spectaculaire du premier opus. Oui techniquement Ã§a se tiens ( et encore faut pas trop Ãªtre regardant) , oui tout s' enchaine trÃ¨s vite pour qu' on est pas le temps de s ' ennuyer. Mais que c ' est gÃ©nÃ©rique et mal Ã©crit par contre ! Vous avez dÃ©ja vu ce film ailleurs parce que Sonic 2 puisse son Ã©nergie et ses inspirations dans tout ce qui Ã  marchÃ© ses dernier temps et en oublie de faire honneur aux jeux vidÃ©os SEGA auquel il est censÃ© Ãªtre l' adaptation."
"2,5","Clairement Sonic 2 ne sera pas le film de l'annÃ©e. Comme le premier film, il s'agit d'un divertissement familial qui suit un cahier des charges clairement balisÃ©s et ne reserve que bien peu de surprises. NÃ©anmoins le film est meilleur que le prÃ©cÃ©dent, plus rythmÃ©, avec le cÃ´tÃ© vintage de films adaptÃ©s de jeux vidÃ©o des annÃ©es 90. C'est un peu bÃªte, parfois niais mais aussi d'un kitsch parfois outrancier qui doit beaucoup au surjeu d'un Jim Carrey en roue libre. Le gÃ©nÃ©rique de fin en visuel sega des nineties et la scÃ¨ne post gÃ©nÃ©rique Ã  la Marvel donnent mÃªme curieusement envie de voir la suite. Alors il faut laisser son cerveau au vestiaire et retrouver son Ã¢me d'enfant mais l'ensemble reste assez divertissant Ã  dÃ©faut d'Ãªtre innovant."
"4,0","Jim Carrey excellent les enfants ont adorÃ©, j'ai apprÃ©ciÃ© ce scÃ©nario, trÃ¨s bien conÃ§u on a passÃ© un agrÃ©able moment"
"5,0","Ce film est trop cool!!!ğŸ¤©ğŸ¤©ğŸ¤© Les scÃ¨nes de combat sont juste incroyable et les personnages sont spectaculaires! ğŸ¤©ğŸ˜ğŸ˜ƒ 
spoiler: 
Ma scÃ¨ne prÃ©fÃ©rer Ã©tait celle ou Sonic est devenu Super Sonic avec les 7 Ã‰meraudes du Chaos et il a dÃ©truit le robot gÃ©ant de Robotnik.
 Si vous n'avez pas encore vu le film, foncez au cinÃ©ma!!!"
"5,0","Film trÃ¨s bien rÃ©ussi pour des personnages de sega , je l'ai beaucoup aimÃ©. C'est un film de Sonic oÃ¹ je trouve qu'il y avait beaucoup d'action par rapport au premier film de Sonic"
"3,0","Le souci de ce film pour moi est le choix de contenter les fans du jeu tout en essayant aussi de plaire aux 8/15 ans actuels. C'est un combo trop audacieux pour moi. Oui, voir Knuckles, Tails, Sonic et Jim Carrey exagÃ¨re un peu mais est au top de sa forme en eggman c'est jubilatoire. Surtout que les orientations de caractÃ¨re de chaque personnage sont trÃ¨s bien pensÃ©es. Les rÃ©fÃ©rences au jeu que l'on retrouve nettement plus que lors du premier opus sont aussi sensas, je pense au diffÃ©rent endroits visitÃ©s qui ressemblent Ã  des mondes du jeu au final. Mais le film perd en puissance et se noie dans ses phases transitoires avec des scÃ¨nes inutiles (je pense Ã  tout ce qu'il se passe Ã  Hawai / Le mariage), au concours de danse. Bref, 20 minutes en moins Ã§a n'aurait pas fait de mal."
"5,0","Bon je suis pas habituÃ© a faire des avis mais je me lance.Selon moi, Sonic 2 est exactement le film qu'il doit Ãªtre.Vous y venez en sachant que Ã§a va Ãªtre drÃ´le et que vous allez voir un film de l'univers de Sonic donc oui Ã§a sera pas un film de maÃ®tre ou je ne sais pas quoi mais personnellement j'ai passÃ© un trÃ¨s bon moment devant.Il a de temps en temps des moments diffÃ©rents d'habituellement qui peuvent Ãªtre plus sÃ©rieux ou autres et il le gÃ¨re trÃ¨s bienLa scÃ¨ne post-credit trÃ¨s cool aussi : ATTENTION SPOILER.
spoiler: 
Avec la rÃ©vÃ©lation de l'arrivÃ©e de Shadow on peut donc penser Ã  un troisiÃ¨me opus voir plus encore ? Une futur arrivÃ©e de MÃ©tal Sonic ?
Un Sonic cinematic universe ?
Enfin le combat final avec le grand robot de Dr.Robotnik (Eggman) Ã©tait gÃ©nial et superbement bien rÃ©alisÃ©.
Bref de bonnes choses pouvant arriver :)
Moins gros spoiler :
spoiler: 
Enfin la faÃ§on dont ont Ã©tÃ© fait les crÃ©dits, sous forme de jeu vidÃ©o 2D de l'Ã©poque, est une incroyable idÃ©e j'ai adorÃ© le style.
La prÃ©sence de Sonic et ses compÃ¨res a Ã©tÃ© absolument bien incrustÃ©s dans le film / ses dÃ©cors/ et avec les humains ! :)Le trio Knuckles ; Tails et Sonic a Ã©tÃ© trÃ¨s bien gÃ©rÃ© et j'ai beaucoup apprÃ©ciÃ© leur prÃ©sence.Eggman, jouÃ© par Jim Carrey remplit bien son contrat dans le film :)Bref, un trÃ¨s bon film a voir selon moi que ce soit pour les adultes ou enfants, Ã©tant moi-mÃªme un adolescent (entre adultes et enfants donc) j'ai souri a multiples reprises au cours du film et mÃªme ri plusieurs fois !"
"5,0","Excellent film malgrÃ© les critiques. Les effets spÃ©ciaux, le scÃ©nario, l'humour, absolument a voir au cinÃ©ma. Les vrais le trouveront cool, les amateur de film violent sans cerveau ni morale le trouveront moyen"
"3,0","A voir avec les enfants ils ont adorÃ©s . Pour ma part Ã§a passe vite il y a de l'action mais les jeux d'acteurs sont vraiment surjouÃ©s ."
"3,0","La cible est clairement les enfants mais sinon c'est un bon divertissement; je pense que j'aurais adorer Ã  10-12 ans.Le film est gÃ©nÃ©reux et le personnage de Sonic est trÃ¨s rÃ©ussi; c'est un pur hÃ©ros Ã  la Luffy ou Naruto qui ne tombe jamais dans l'apitoiement de l'adolescent relou.Point nÃ©gatif: le personnage de Jim Carrey et les scÃ¨nes de surjeu vraiment longues et ratÃ©es (dans le doute cela est peut-Ãªtre imputable Ã  la vf)."
"4,0","TrÃ¨s trÃ¨s bon divertissement pour toute la famille, captivant, drÃ´le , de l'action de l'Ã©motion , des effets spÃ©ciaux rÃ©ussi, une belle rÃ©ussite"
"4,0","C'est une bonne suite ! On retrouve l'action, l'humour, l'aventure et l'attachement aux personnages comme on avait dans le 1. On passe un super bon moment, Ã  aller voir en famille !"
"4,0","Le film a tout pour Ãªtre mieux que le 1er mais les ""blagues"" sont lourdes , c'est insupportable ! Entre le flic et la belle soeur... meme combat. Pourtant on retrouve un Sonic fidÃ¨le aux jeux et aux series, un Tails attachant et un Knuckles badasse comme il faut. Si on retire les faux raccords qui piquent les yeux et les graphismes parfois limites, c'est un super film pour les fans et les enfants qui dÃ©couvrent. Mais je ne peux pas m'empÃªcher de ressentir la sensation que la direction a cherchÃ© un Ã©quilibre pour Ã©viter que le film ne soit trop bon, en plaÃ§ant des vannes vraiment dÃ©bile et hors sujet.(J'ai mis 4 etoiles mais je l'estime plutot vers 3 Ã©toiles --> la post crÃ©dit !!)"
"3,5","Je trouver ce sonic 2 beaucoup moins bien que le premier, mÃªme si Jim Carrey est toujours Ã©galement Ã  lui mÃªme, les autres partie comiques mon moins fait rire.Sympa de retrouver la bande Ã  sonic Mon fils 10 ans Ã  quand Ã  lui bien aimÃ©"
"5,0","Super film les fx sont sublimes , convient Ã  tous publics et respectueux du jeu vidÃ©o avec des petits rappels â€¦"
"1,0","DÃ©conseillÃ© aux enfants de plus de 7 ans, et encore trÃ¨s long, deux heures, dialogues ennuyeux, film lourd typique plein de clichÃ©s Ã  l'amÃ©ricaine. Deux jeunes de 11 ans ont Ã©tÃ© trÃ¨s dÃ©Ã§us."
"4,5","Super moment passÃ© en famille, bon il y en aura toujours certains qui auront Ã  redire mais comme pour le premier, nous, on sâ€™est bien Ã©clatÃ©s ! â˜ºï¸ Rigolade, action, si vous voulez vous divertir câ€™est parfait !"
"4,5","Sonic 2 est une excellente suite du premier, les effets spÃ©ciaux sont trÃ¨s bien faits, de mÃªme pour le son et les images. Les grands fans de Sonic devraient sâ€™y plaire et retrouver ce quâ€™ils aiment. Un acteur trÃ¨s connu nommÃ© Jim Carrey est dans le film. Je le conseille aux enfants de plus de 5 ans et pas plus que 10-11 ans. Mieux vaut regarder le premier avant sinon vous risquerez de ne pas tout comprendre. Ne serait-ce que le dÃ©but de lâ€™histoire qui commence sur une planÃ¨te champignon.En rÃ©sumÃ©, Jâ€™ai adorÃ© Sonic 1 et 2 mÃªme si je ne suis pas un grand fan de ce personnage parce que jâ€™ai aimÃ© lâ€™histoire et que câ€™Ã©tait plutÃ´t bien fait. Je vous le conseille fortement.Robin9 ans"
"4,5","Cette suite des aventures de Sonic est largement meilleur que le 1er car on y dÃ©couvre les autres personnages de l'univers Sonic: Tails et Knuckles. Jim Carrey est toujours plus diabolique avec son style d'humour particulier et il y a beaucoup de rÃ©fÃ©rences liÃ©es Ã  la pop culture. Bref, c'Ã©tait cool, un bon moment !"
"4,0","Excellent divertissement dont le jeune public et tous ceux qui ont passÃ© des heures Ã  castagner le docteur robotnick dans les annÃ©es 90 seront ravis. Effets spÃ©ciaux efficaces, on sent les moyens derriÃ¨re. L'histoire est bien dans la suite du premier film et bien entendu, il faut rester aprÃ¨s le gÃ©nÃ©rique ...."
"4,0","Bonne suite, dans la continuitÃ© parfaite du premier. Ce n'Ã©tait pas facile d'en faire un film, mais le pari est rÃ©ussi: des effets spÃ©ciaux parfaits, un Jim Carrey dans son jus, mais sans aucune vulgaritÃ©s ou violence, chose rare dans les productions amÃ©ricaines aujourd'hui.Un bon moment pour toute la famille. Et vivement le 3..."
"0,5","Films vraiment pour les enfants je me suis fait...du dÃ©but Ã  la fin. c'est le mÃªme film que le 1er, donc il mÃ©rite la mÃªme note. AdaptÃ© pour les enfants de 8 ans, les autres passez votre chemin.De lâ€™intrigue paresseuse, les enfants ne sortiront pas plus intelligents ; leurs parents, sans doute un peu abrutis par lâ€™avalanche de pÃ©ripÃ©ties pendant deux heuresâ€¦"
"3,0","Pas mal, encore des blagues assez niaises et qui font presque mal Ã  la tÃªte parfois...Pour autant les rÃ©fÃ©rences aux anciens jeux font bien plaisir. Et spoiler : // La scÃ¨ne post-gÃ©nÃ©rique hype vraiment pour une suite\\."
"3,5","Une suite Ã  faire jalouser le prÃ©cÃ©dent; Jim Carey dans toute sa splendeur avec son personnage de plus en plus fidÃ¨le Ã  son origine. Belle moralitÃ© dans le scÃ©nario et surtout ne traÃ®nez pas pour le 3e."
"4,5","TrÃ¨s bon film pour un bon divertissement.Action et humour sont au rendez-vous pour passer un bon moment en famille et nous rappeler nos bons souvenirs d'enfance."
"4,0","Bien sur pas mon style de film mais je suis allÃ© le voir avec mes enfants pour leur faire plaisir. et bien j'ai Ã©tÃ© agrÃ©able surpris, bien meilleur que le premier. On ne s'ennuie pas un seconde beaucoup d'humour, le rythme est frÃ©nÃ©tique et Jim Carrey est Ã©norme, hilarant, complÃ¨tement investi dans son personnage. film pop corn en famille, je recommande. Les critiques sont assez sÃ©vÃ¨res."
"1,0","Je suis trÃ¨s dÃ©Ã§u par Sonic 2. Le scenario n'est pas mieux travaillÃ© que le premier, les gags sont lourds et longs visant le public mineur, les personnages humains ne servent Ã  rien Ã  l'intrigue (sauf Robotnik qui est le mÃ©chant) et les Ã©lements de rÃ©fÃ©rence des jeux ont Ã©tÃ© soit mal utilisÃ©s, soit ruinÃ©s.Je fÃ©licite tout de mÃªme les Ã©quipes derriÃ¨re le travail de CGI et d'effets spÃ©ciaux qui nous offrent de magnifiques images.
spoiler: 
Petits points qui m'ont le plus marquÃ© : Sonic utilise ses anneaux nimporte comment, je croyais qu'il Ã©taient limitÃ©s et rares mais apparement il peut se permettre de les utiliser pour faire ses courses
Les Chaos Emerauld sont toutes rÃ©unies en une?! Et cette mega emeraud peut se casser facilement..
Les services amÃ©ricains prÃ©parent une opÃ©ration de fiancailles pour se rapprocher d'un autre couple qu'ils sont sencÃ©s surveiller pour trouver Sonic?!?! Suivi par une scene ""girl power""... Ils Ã©taient combien pour pondre ce plan?
Le coup des anneaux de fiancailles qui sont confondu avc un anneaux a Sonic
Tails est un idiot... alors qu'il crÃ©e des machines de dingue
Knuckles est aussi rapide que Sonic!? Ils ont jouÃ© au jeux un minimum avant d'Ã©crire les scenarios?
C'est pas tout ce qui est dÃ©cevant mais je suis fatiguÃ© d'Ã©crire autant juste pour dire que.. bah c'est dÃ©cevant"
"5,0","Bon, ce film a un public bien dÃ©fini, les fans de Sonic et les enfants. Si vous faites partie d'une de ces catÃ©gories, vous allez adorer le film, et c'est mon cas. Il y a tellement de rÃ©fÃ©rences, de clins d'Å“il, d'easter eggs que le fan aura du mal Ã  contenir Ã§a joie.Le film rÃ©ussit ce qu'il cherche Ã  faire, il montre ce que le fan veut voir au grand Ã©cran. Cependant si vous n'Ãªtes pas fan de l'univers et que vous voulez tout de mÃªme allez voir le film, mettez vous Ã  l'esprit que vous n'allez pas voir un chef d'Å“uvre qui va rÃ©volutionner votre vision du cinÃ©ma, mais juste un film sympa avec de bonnes scÃ¨nes d'action et des blagues pour enfants. C'est dans cet Ã©tat d'esprit qu'est allez le voir un de mes ami qui n'est pas fan de Sonic et qui avait trouvÃ© le premier sympa mais sans plus et il a adorÃ© Sonic 2."
"4,5","AprÃ¨s Sonic 1 qui Ã©tait le prologue de la saga des films. Sonic 2 est le vrai film qui dÃ©marre la saga. Jusqu'Ã  nous emmener Ã  un 3Ã¨me Ã©pisode.Cette Ã©pisode ne manque pas d'action. Le scÃ©nario est trÃ¨s rÃ©ussi. Robotnik (Jim Carrey) devient plus mÃ©chant dans le film que dans les Jeux. Et l'apparition de Tails et Knuckles est une vrai surprise Ã  nos yeux.Le premiÃ¨re Ã©pisode n'avait rien Ã  avoir avec la saga. C'Ã©tait plus un film comÃ©die que un film d'action."
"3,0","lÃ©ger et sans prise de tÃªte, le film permet de suivre un peu l'histoire de Sonic. je suis un peu dÃ©Ã§u par contre du faible niveau des blagues et des longueurs de certaines scÃ¨nes."
"4,0","AprÃ©s avoir vue le premier j'attendais avec plus ou moins d'entoushiasme cette suite des aventures du hÃ©risson bleu le plus rapide du monde.Le 1 ne prenais pas trop de risque et nous montrais une histoire convenu avec quelques surprises ici et la.Pour cette suite d'emblÃ© on sent que le rÃ©alisateur est un fan du hÃ©risson, les rÃ©ferences sont lÃ©gion et pour ceux qui comme moi suivent sonic depuis les annÃ©es 90 c'est un vÃ©ritable rÃ©gal de chaque instant.Il y a cependant des moments un peu longuet ou j'ai dÃ©crochÃ© au moment du mariage qui nous sortent de la trame principal, on attend juste le moment ou robotnik magnifiquement bien jouÃ© par jim carrey va faire son apparition pour defaire le hÃ©risson.Que ce soit sonic, tail's ou knuckles chacun a sa personnalitÃ© qui correspondent exactement a ce que l'on peu voir dans les jeux ou les dessin animÃ©s et chacun a son pouvoir correspondant.La scÃ©ne post gÃ©nÃ©rique nous apprend beaucoup sur le nÂ°3 qui sortiras courant 2023.Plus que tout je suis trÃ©s content de voir le respect de l'oeuvre par le rÃ©al qui j'espÃ¨re continueras dans cette voix pour la suite ."
"0,5","Ce film est nul ! Je prÃ©fÃ¨re Kill Bill !"
"5,0","Excellent divertissement familliale comme il y en a peu en ce moment , fidele au jeu , un fan service excellent .Vivement le troisieme ."
"5,0","Ce deuxiÃ¨me film a beaucoup de rÃ©fÃ©rences par rapport aux jeux, et je le trouve un cran au dessus du 1er. Les personnages sont trÃ¨s biens fait et les acteurs sont au rdv. Les enfants ont adorÃ© (7 et 8ans)Bon film"
"4,5","Tellement, mais tellement meilleur que le premier. Plus Ã©pique, plus grand. je trouve qu'il respect l'univers du jeu en faisant autre chose. il y'a un meilleur Ã©quilibre sur le personnage de Robotnik qui bouffait l'Ã©cran dans le premier. Sonic est mieux dÃ©veloppÃ©. Tails et Knuckles sont trÃ¨s bien introduit. Un film d'aventure Ã  la Indiana Jones. Des rÃ©fÃ©rences au jeu avec des pÃ©ripÃ©ties qui correspond Ã  des niveaux. Bref. il y'a quelques scÃ¨nes inutile. personnellement, j'en ai trouvÃ© 2/3. Mais avec le reste Ã§a passe. Bref, ils sont sur la bonne voie."
"3,5","Une suite plus fun, gÃ©nÃ©reux et plus proche de lâ€™univers Sonic que le 1er. Ce nâ€™est pas certes le film de lâ€™annÃ©e, on retrouve les dÃ©fauts du 1er, Ã  savoir une comÃ©die burlesque omniprÃ©sente et pas toujours mature et efficace. Mais câ€™est un Sonic. Pas Mass Effect. Il est donc naturel que câ€™est fait avant tout pour les plus jeunes. Et pour ce quâ€™il est, ben cette suite offre un divertissement familiale rÃ©ussi avec des rÃ©fÃ©rences nostalgique aux gamers de Sega."
"5,0","Un super moment pour petitset grands.BourrÃ©s de clins d'Å“il pour nous les anciens et fun, j'ai adorÃ© et mon fils aussi.TrÃ¨s bon Ã©quilibre entre scÃ¨nes d'action et scÃ¨nes humoristiques avec un Jim Carrey complÃ¨tement frappÃ© comme on l'aime!A voir!"
"5,0","Film vraiment trÃ¨s sympa avec beaucoup d'humour qui a fait rire mes enfants 5 et 9 ans. Un peu moins accessible pour les adultes."
"4,5","j'ai beaucoup aimÃ© le film Jim Carrey dans le rÃ´le du mÃ©chant il est magique et ont a beaucoup rigolÃ©"
"5,0","Excellent film Ã  voir avec ses enfants, Ã©normÃ©ment de rÃ©fÃ©rences et jeu de mots, le film est super rythmÃ©, pas de temps mort, la musique est super !L'introduction des nouveaux personnages est trÃ¨s bien, et la dÃ©couverte des diffÃ©rentes tribu et planÃ¨tes est gÃ©niale et j'espÃ¨re sera developpe dans un 3eme opus.Bref une comÃ©die pop corn qui se prend pas au sÃ©rieux, des barres de rires et Carey est encore une fois gÃ©nial en robotnik !"
"4,0","Sympa pour l'histoire et le final que l'on suppose dÃ¨s le dÃ©but, par contre l'arrivÃ©e du personnage du petit renard donne un peu de pÃªche et de diffÃ©rence avec sonic qui se croit toujours exclusif et son moment arrive avec un peu de diffÃ©rentes occasions qu'il prend tout au cours de l'histoire du film ! AnnonÃ§ant Ã  la fin une suite pour un troisiÃ¨me numÃ©ro !"
"4,5","Franchement, mÃªme si ce film est surtout destinÃ© aux enfants, jâ€™ai passÃ© un trÃ¨s bon moment devant ce film, des nouveaux personnages attachants, plein dâ€™humour et un Jim Carrey excellent comme dans le 1er."
"5,0","Ce film etait juste ouffissime , j'ai vraiment adorer , loin du dernier batman qui etais tres ennuyant , Ã  la fin du film j'avais vraiment aucune remarque negative , beaucoup d'easter egg trÃ¨s appreciÃ©, franchement top , ceux qui disent (c'est juste un film pour enfant) je me demande ce qui cloche chez vous ."
"5,0","Alors je viens de voir Sonic 2 et franchement, je ne m'attendais pas a Ã§a ! 
spoiler: 
La scÃ¨ne de Sonic courant sur l'eau, les rÃ©fÃ©rences aux jeux vidÃ©o, la Master Emerauld et puis Super Sonic quoi ! Mais je pensais pas qu'il l'aurait mis et ils l'ont mis quoi ! C'est incroyable !
 Le film est un vrai chef-d'Å“uvre cinÃ©matographique et je ne peux que vous encourager Ã  le voir ! FONCEZ !"
"5,0","On n'a adorer avec mon fils de 6 ans ce film ,une super suite !!! Un peu d'humour,un peu de cascades et de bagarres. Un bon cocktail pour un bon moment. Je le recommande."
"4,5","Film plein d'action. L'arrivÃ©e des deux compagnons d'aventures du jeune hÃ©risson m'a particuliÃ¨rement plu. C'est un film trÃ¨s fidÃ¨le aux aventures du jeune hÃ©ros au travers des jeux Sega. Long-mÃ©trage trÃ¨s contemporain.Le Spoiler de fin annonÃ§ant le troisiÃ¨me film en a fait fantasmer plus d'un, l'excitation est Ã  son maximum !"
"5,0","L'action est Ã  son comble, des combats palpitants, et un trois prÃ©vu!! Vraiment je suis trop content"
"5,0","Le premier Ã©tait gÃ©nial, mais alors lÃ , le second film basÃ© sur Sonic est tout simplement extraordinaire !!!!!Le troisiÃ¨me film consacrÃ© sur l'univers de Sonic sortira en 2023 et se centrera sur 
spoiler: 
shadow
 plus particuliÃ¨rement !"
"5,0","Une bombe atomique ! Vu en 4D max , Ã§a nâ€™arrÃªte pas une seconde. Enfin une suite mieux que le 1er ! Ils ont mis le paquet en effets spÃ©ciaux , lâ€™histoire est sympa Ã  suivre , les personnages ont une identitÃ© propre , et Jim Carey est transcendant dans le rÃ´le du mÃ©chant Eggman. De 7 a 77 ans."
"5,0","j'ai mis la note 5 Ã©toile parce que je trouve beaucoup Ã©normÃ©ment mieux que le 1er Film Sonic parce que il y a Tails c'est l'un meilleur amis de Sonic et Knuckles le guerrier echidnÃ© au dÃ©part il Ã©tait le complice DR Eggman ( Robotnik ) il a croire que Sonic est un ennemie et puis finalement il Ã©tait devenu un allier maintenant Sonic Tails Knuckles formÃ© un trio comme Sonic Heroes face a DR Eggman ( Robotnik ) pour rÃ©cupÃ©rÃ© l'Ã©meraude du chao afin que Sonic est TransformÃ© en Super Sonic enfin bref c'est trop cool ce film j'ai hÃ¢te de voir Sonic 3 Le Film car il y a apparition Shadow le hÃ©risson noir"
"4,0","AgrÃ©ablement surpris du 2 Ã¨me film qui est gÃ©nial franchement les combats etc sont incroyables, le seul bÃ©mol pour moi c que le film du 2h mais il y a 45 min ba qui sert a rien quoi 
spoiler: 
scÃ¨ne du mariage et scÃ¨ne de la danse avc les russes , on s'en fou complÃ¨tement de voir sa quoi fin nous on est lÃ  pour Sonic pas pour voir le mariage de la belle sÅ“ur de je sais plus qui enfin voilÃ  c mon avis"
"5,0","EXCELLENT second film, encore meilleur que le premier. En tant que fan de sonic jâ€™ai adorÃ©, jâ€™ai eu une multitude dâ€™Ã©motions tout le long et je ne me suis pas ennuyÃ©e une seule seconde. Film Ã  voir en VO selon moi cependant"
"4,0","Marre des critiques qui descendent les films comme celui lÃ ... J ai une fille de 7ans qui avaient des anneaux pleins les yeux et moi mÃªme, Gamer de 45 ans j ai passÃ© un trÃ¨s bon moment mÃªme si je peux Ãªtre parfois exigent dans le choix de ma cinÃ©mathÃ¨que...les effets spÃ©ciaux sont rÃ©ussi... L intro de nouveaux personnages vivifiant... A voir d un Å“il d enfant et Ã  profiter en famille..."
"5,0","C'est le meilleur film que j'ai jamais vue il les trop bien je vous le conseille je vais vous raconter Sonic Ã  une nouvelle transformation il et devenu trop fort ... je vous le conseille"
"4,0","Qui pouvait croire que le film Sonic aurait une suite, surtout aprÃ¨s le terrible bad buzz du design de notre hÃ©risson favori, qui avait mis le feu aux poudres. Et pourtant le 1er opus a Ã©tÃ© une franche rÃ©ussite, ce qui a amenÃ© Ã  une suite, deux ans plus tard.Et bien , j''en suis ravi ! Cette suite est juste gÃ©niale et cette fois, on a un vÃ©ritable film Sonic, contrairement au premier oÃ¹ il n'y avait presque rien de l'univers du hÃ©risson bleu. Ce film est encore mieux que ce que j'espÃ©rais et j'ai passÃ© un agrÃ©able moment. Alors certes, il y a des points faibles comme l'humour oÃ¹ on en fait trop Ã  certains moments et certains passages qui servent strictement Ã  rien comme
spoiler: 
 le mariage
. Mais Ã  part Ã§a c'est nickel. Les petites rÃ©fÃ©rences sont gÃ©niales et les personnages (Sonic, Tails et Knuckles) sont trÃ¨s charismatiques comme dans le film prÃ©cÃ©dent. La VF finalement n'est pas si horrible que ce que j'ai pu entendre (Ã§a reste mon avis bien sÃ»r ^^'). Et que dire de la bataille finale qui est juste ouf 
spoiler: 
le robot eggman et Super Sonic bordel
 ! Et la scÃ¨ne post-gÃ©nÃ©rique pour Sonic 3 me hype Ã©normÃ©ment
spoiler: 
 Shadow
. Bref, un bon petit film Ã  voir en famile oÃ¹ avec des enfants, je vous le conseille"
"5,0","ce film est a voir si vous etes un grand fan de sonic dans ce film nous pouvons constatez un amitiÃ© forte entre nos deux hÃ©ros :tails et sonic ce qui m'a beaucoup plus, [/spoiler]en plus de cela nous avons eu une scene post-crÃ©dit ou nous pouvons voir quelque secondes un deuxiÃ¨me ""sonic"" [spoiler]"
"3,5","Ã©tant quelqu'un qui est un petit peu fan de Sonic ,ce film je l'ai bien apprÃ©cier car il cache beaucoup de rÃ©fÃ©rence des jeu Sonic ou de la sÃ©rie Sonic X (je conseille vraiment ) qui est vraiment trÃ¨s bien car c'est pas abusif, avec Dr.Robotnik qui correspond bien au mÃ©chant 
spoiler: 
avec son Robot gÃ©ant la fin du film qui est reprÃ©sente vraiment un boss de jeu de fin , ou mÃªme le projet Sadows pour la suite des films qui hype tout les fan de Sonic car on peut s'attendre Ã  apprendre plus sur l'histoire du monde de Sonic breff ceci est que ThÃ©orie revenons sur le film,
 En sois les personnage de Sonic , Tails , Knucles et Dr.Robotnik sont trÃ¨s bien mais le problÃ¨mes du film est l'humour trop gamins et lourds 
spoiler: 
 Les scÃ©nes avec pendant le mariage ne sert pas a grande choses il aurait du oublier cette partie et se concentrÃ© plus sur Sonic et les autres 
 Mais faut pas oublier sa reste un film d'animation tout publics et surtout pour attirÃ©e les enfants mais il devrait plus se consacrÃ©e plus sur leur communautÃ©s et si il y a un prochain film rÃ©duire leur humeurs enfantin"
"4,0","Tres bon film.J aime beaucoup les rÃ©fÃ©rences faites aux jeux vidÃ©o et les personnages sont attachants."
"5,0","Film graphiquement magnifique !! L'histoire et genial et plein d'Ã©lÃ©ment ce rapporte au jeux de notre enfance (promis je spoile pas). Et le final et juste magique. Pris plein les yeux. Drole, touchant et une tuerie !!!!!!"
"3,5","Du point de vue d'un jeune fan de Sonic, rentrÃ© dans la sÃ©rie il y a pas longtemps, le film est trÃ¨s bien.Sur la grande Ã©chelle de l'univers cinÃ©matographique, d'accord, ce n'est pas un chef-d'Å“uvre, et il Ã  bien des dÃ©fauts, mais pour le dire en des mots simples : J'ai passÃ© un trÃ¨s bon moment.Les films rÃ©pÃ¨tent l'histoire des jeux : Le premier Ã©tait bon, pas forcÃ©ment transcendant, mais posait les bonnes bases sur lesquelles le second Ã  construit.Pour rentrer dans les dÃ©tails de ce qui m'a plu ou pas, commenÃ§ons avec le rÃ©cit, qui somme toute, est plutÃ´t agrÃ©able Ã  voir se dÃ©rouler. Il y a certes des moments long, plus ou moins inutiles, qui adviennent par-ci par lÃ , mais en gÃ©nÃ©ral, on a pas trop le temps de s'ennuyer. Il y a aussi un point que je trouve important d'aborder : c'est la caractÃ©risation des personnage, chose qui me tient particuliÃ¨rement Ã  cÅ“ur. Ici, elle est trÃ¨s bien faite, au moins pour les 4 personnages principaux. PremiÃ¨rement : Sonic qui est en pleine adolescence, longtemps privÃ© de contacts sociaux et qui s'est abreuvÃ© de pop culture dans le premier film, et qui ici, rÃ©itÃ¨re tout ce qu'il Ã  vu, ce qui pour certains donnent l'impression qu'il force le fait d'Ãªtre cool, et ils ont raison complÃ¨tement, et c'est ce que j'apprÃ©cie : on Ã  un Sonic qui apprend. Ensuite on a Tails, fidÃ¨le au Tails de Sonic Adventure, mais qui reste un enfant pas forcÃ©ment trÃ¨s courageux, mais qui surmonte ses peurs et sait se rendre utile, puis Knuckles, le personnage le mieux caractÃ©risÃ© d'aprÃ¨s moi, qui comme on le sait, n'a pas eu de contacts depuis son enfance, et ne sais donc pas comment fonctionne la confiance, l'amitiÃ©, et ne connais pas les valeurs d'autrui, mais comme Sonic, on a une progression du personnage au travers du film et des Ã©vÃ¨nements. Enfin Robotnick est trÃ¨s bien tel qu'il est, mais je pense rajouter le fait que vers la fin du film, il se met vraiment Ã  pencher vers son caractÃ¨re des jeux, de par ses actions et dialogues, et c'est trÃ¨s bien implÃ©mentÃ©.J'aimerai parler aussi d'un moins bon point qui m'a posÃ© problÃ¨me personnellement : les effets spÃ©ciaux et l'incrustation des personnages qui m'a parfois dÃ©Ã§ue. Je veut dire par lÃ  qu'Ã  certain moment Ã§a se voit : des effets spÃ©ciaux Ã  couper au couteaux diront-nous. AprÃ¨s, je termine sur une note positive, mais il y a de la rÃ©fÃ©rence Ã  gogo dans ce film, et c'est du pur bonheur pour un fan comme moi.Sommes toute un bon film pour une dÃ©mographie moyenne, et un trÃ¨s bon film pour la fanbase Sonic, qui d'aprÃ¨s leurs retours disent qu'ils apprÃ©cient en grande majoritÃ©.Je le conseille vivement Ã  ceux qui apprÃ©cient Sonic, et ceux qui ne sont pas sÃ»rs et veulent se faire un avis, et je le conseille moins vivement mais quand mÃªme aux familles qui cherchent juste Ã  passer un bon moment avec les enfants."
"4,0","La suite du premier volet qui introduit de nouveaux personnages comme Tails et Knuckles. Dans l'ensemble, le film se laisse regarder. En tant que grand fan de la franchise. L'intrigue parallÃ¨le avec les ""humains"" est un gÃªnante mais l'ensemble reste globalement bon.Beaucoup de rÃ©fÃ©rences aux jeux vidÃ©o Sonic qui sont apprÃ©ciables : 
spoiler: 
supersonic, les Ã©meraudes, les bulles d'eau sous l'eau...
Le mariage est gÃªnant et le GUN n'est pas aussi sÃ©rieux et bien reprÃ©senter par rapport aux jeux, on dirait des Clown (Tom Butler entre autre).En revanche le final est grandiose, dommage que tout le film n'ait pas Ã©tÃ© de ce niveau.On apprÃ©cie la scÃ¨ne post gÃ©nÃ©rique : 
spoiler: 
 qui tease le Sonic 3 autour de Shadow, en espÃ©rant qu'ils reprennent le scÃ©nario de Adventure 2 qui est simplement grandiose et travaillÃ© en rebondissement 
Je recommande ce film Ã  tous fans de la franchise, aux familles mais moins aux amateur de cinÃ©ma fantastique qui n'ont pas forcÃ©ment d'attaches avec ce petit hÃ©risson bleu."
"5,0","Le film ğŸ¥ et juste incroyable j ai passÃ© un excellent moment j ai pas vu les 2h de film. Il y a tout dans cette suite action. Humour. Aventure. Le scÃ©nario et top. Vivement le 3 ğŸ˜"
"5,0","Superbe suite.Le 1er Ã©tait top, le second rempli le contrat. Nous avons adorÃ©, maintenant nous attendons patiemment le dvd"
"4,0","Y'a rien Ã  dire, c'est vraiment un excellent film !Le premier Ã©tait dÃ©jÃ  trÃ¨s rÃ©ussi, mais alors sa suite c'est un tout autre niveau, mÃªme si je pense que les fans vont beaucoup plus apprÃ©ciÃ©s le film que le grand public.Certe certains effets spÃ©ciaux ne sont pas les meilleurs, mais dans la globalitÃ© c'est assez beau visuellement, les nouveaux personnages sont trÃ¨s cool et Jim Carrey est encore une fois gÃ©nial en Robotnik.Bref, je recommande beaucoup Sonic 2 !"
"5,0","J'ai adorÃ© ce film beaucoup mieux que le premier est de loin J'ai trop aimer les combats entre sonic et knuckles Beaucoup plus de rÃ©fÃ©rences par rapport Ã  sonic en sah Ã§a fait plaisirTails toujours mignonJ'ai aimÃ© aussi le moment au snowboard oÃ¹ knuckles raconte son passÃ© Team sonic qui rÃ©unissent lets goDeath egg robot super rÃ©aliste donc tant mieuxSuper sonic qui a mis tout le monde d'accordEt la scÃ¨ne post credit avec l'apparition de shadowDonc je donnerais la note de 5 Ã©toiles et je regarderai sonic 3 le film"
"5,0","Le film est trop bien la qualitÃ© du film est superbe ont dirait que ont n'ai dedans ğŸ¤©."
"5,0","Film pas mal mais trop long..Un bon film Ã  voir en famille ou entre amis .Bonne expÃ©rience mais j'attendais mieux"
"4,0","Excellent film Ã  voir petit comme grand. Jâ€™ai trouvÃ© le film trÃ¨s bien fait des scÃ¨nes Ã©piques et de lâ€™humour. 
spoiler: 
Je pensais que lâ€™amitiÃ© entre Tails et Sonic allait manquer mais jâ€™ai Ã©tÃ© agrÃ©ablement surpris en retrouvant cette amitiÃ© qui Ã©tait si exceptionnelle dans les jeux et dans la sÃ©rie. En revanche jâ€™ai Ã©tÃ© un petit peu dÃ©Ã§u car Dr Eggman ou Robotnik nâ€™Ã©tait pas trÃ¨s fort et Super Sonic lâ€™a battu trop vite Ã  mon goÃ»t Ã§a aurait Ã©tÃ© mieux si le combat entre les 2 aurait Ã©tÃ© plus long. Pour finir quand mÃªme sur une bonne touche de spoiler Shadow amÃ¨ne la hype au max mais petit dÃ©fauts scÃ©naristique Sonic nâ€™Ã©tant quâ€™un ado Robotnik ne peut pas avoir construit Shadow pour le dÃ©truire et cela veut dire que Robotnik a plus de 70ans et ne serait donc pas en Ã©tat de se battre 
 knuckles est juste formidable dans le film.ComparÃ© aux jeux vidÃ©o ou Ã  la sÃ©rie TV Sonic Boom il nâ€™est pas bÃªte 
spoiler: 
et respecte la volontÃ© de Sonic et fini mÃªme par se joindre Ã  lui et ajoute une grosse touche humoristique grÃ¢ce Ã  son Ã©ducation"
"5,0","Fan de Sonic depuis tout petit, j'adorais courir grÃ¢ce Ã  celui-ci. Je regardais Sonic X quand j'Ã©tais gosse et je jouais Ã  des jeux tels que Sonic Heroes ou Sonic Riders, mÃªme rÃ©cemment j'ai terminÃ© Sonic Forces sur la Switch. Alors quand j'ai appris que celui-ci allait sortir en film, j'avais hÃ¢te! Le 2 Ã©tait super! Mes parties prÃ©fÃ©rÃ©es sont le combat Sonic et Knuckles, la transformation en Super Sonic et le teaser Ã  la fin sur le projet Shadow!"
"5,0","trÃ¨s bonne suite trÃ¨s bon film regardable par tous humour bien doser il n'est pas lourd mais sans non plus Ã©tre une comdie j'ai adorer."
